eidx,xidx,dir,kind,variant,rr,Rg,risk_pct,time,R0,Rf,half,session
840,902,long,V,mss,3.0,-1.0,0.5196307394589422,2022-10-08 16:30:00+00:00,-1.0,-1.0767777400806762,H1,ny
989,1277,long,V,mss,3.0,1.0464025822485115,0.3897987543680828,2022-10-09 04:55:00+00:00,1.0464025822485115,0.9435762472859913,H1,asia
4014,4270,short,A,mss,3.0,-1.0,0.8273315910365614,2022-10-19 17:00:00+00:00,-1.0,-1.0485482081832318,H1,ny
5068,5095,long,V,mss,3.0,-1.0,0.20215650765055207,2022-10-23 08:50:00+00:00,-1.0,-1.197666496927935,H1,london
5615,5625,long,V,mss,3.0,-1.0,0.3476738767962212,2022-10-25 06:25:00+00:00,-1.0,-1.1148503465160968,H1,asia
6745,6789,short,A,mss,3.0,-1.0,0.7841642762577393,2022-10-29 04:35:00+00:00,-1.0,-1.0512097197884245,H1,asia
7153,7181,long,V,mss,3.0,-1.0,0.66730444643361,2022-10-30 14:35:00+00:00,-1.0,-1.059742654681501,H1,ny
7962,8045,short,A,mss,3.0,-1.0,0.6547059878356067,2022-11-02 10:00:00+00:00,-1.0,-1.0612961267243577,H1,london
8073,8361,short,A,mss,3.0,0.5424544984628766,1.7985877291661658,2022-11-02 19:15:00+00:00,0.5424544984628766,0.5203233180074531,H1,ny
8892,9017,long,RBS,mss,3.0,-1.0,0.6453759073184755,2022-11-05 15:30:00+00:00,-1.0,-1.061779382165348,H1,ny
11071,11119,short,A,mss,3.0,3.0,0.6062170604354963,2022-11-13 05:05:00+00:00,3.0,2.9346170334842365,H1,asia
12238,12526,long,V,mss,3.0,0.8014779895623079,1.231172611573072,2022-11-17 06:20:00+00:00,0.8014779895623079,0.7688283422488046,H1,asia
12573,12624,long,V,mss,3.0,-1.0,0.7138719393304648,2022-11-18 10:15:00+00:00,-1.0,-1.055832458759362,H1,london
12945,13001,short,A,mss,3.0,-1.0,0.28288440509048657,2022-11-19 17:15:00+00:00,-1.0,-1.1416005130017866,H1,ny
15225,15318,long,V,mss,3.0,-1.0,0.2503540552537665,2022-11-27 15:15:00+00:00,-1.0,-1.1595737250928682,H1,ny
15482,15504,short,A,mss,3.0,-1.0,0.35853906168420707,2022-11-28 12:40:00+00:00,-1.0,-1.1117638553079918,H1,london
15530,15818,long,V,mss,3.0,0.8730505411301931,1.3891237101006055,2022-11-28 16:40:00+00:00,0.8730505411301931,0.8440807994515016,H1,ny
15896,15913,short,A,mss,3.0,-1.0,0.40145104627517003,2022-11-29 23:10:00+00:00,-1.0,-1.099838549634225,H1,late
17256,17274,short,A,mss,3.0,-1.0,0.47696453402403033,2022-12-04 16:30:00+00:00,-1.0,-1.084063677792833,H1,ny
17629,17770,long,V,mss,3.0,-1.0,0.4281789282203303,2022-12-05 23:35:00+00:00,-1.0,-1.0932188895428712,H1,late
18242,18351,long,V,mss,3.0,-1.0,0.5520285504612443,2022-12-08 02:40:00+00:00,-1.0,-1.0722600203496326,H1,asia
18503,18515,short,A,mss,3.0,-1.0,0.5115712304269996,2022-12-09 00:25:00+00:00,-1.0,-1.0783904798802166,H1,asia
18650,18938,short,A,mss,3.0,0.4938201124653899,0.8136168710598607,2022-12-09 12:40:00+00:00,0.4938201124653899,0.44475568749464856,H1,london
19091,19318,long,V,mss,3.0,-1.0,0.3746225114908015,2022-12-11 01:25:00+00:00,-1.0,-1.106574149371913,H1,asia
19533,19769,long,V,mss,3.0,3.0,0.6118433592595537,2022-12-12 14:15:00+00:00,3.0,2.934023789905299,H1,ny
20687,20707,long,V,mss,3.0,-1.0,0.8894382470891199,2022-12-16 14:25:00+00:00,-1.0,-1.044772205918633,H1,ny
21203,21306,short,A,mss,3.0,-1.0,0.4808885203530039,2022-12-18 09:25:00+00:00,-1.0,-1.0833793613427023,H1,london
21845,22133,long,V,mss,3.0,-0.541065359383609,1.154613845874422,2022-12-20 14:55:00+00:00,-0.541065359383609,-0.5756007634335302,H1,ny
22141,22416,long,V,mss,3.0,-1.0,0.8786799993122981,2022-12-21 15:35:00+00:00,-1.0,-1.0453228297347228,H1,ny
22693,22981,long,V,mss,3.0,-0.3999592864530714,0.9440062651002011,2022-12-23 13:35:00+00:00,-0.3999592864530714,-0.4422518947349909,H1,ny
22997,23094,long,V,mss,3.0,-1.0,0.12287615380090978,2022-12-24 14:55:00+00:00,-1.0,-1.3253310226002846,H1,ny
24314,24602,long,V,mss,3.0,0.46672003891321556,0.4940273403406481,2022-12-29 04:40:00+00:00,0.46672003891321556,0.38565951610027066,H1,asia
27335,27415,short,A,mss,3.0,-1.0,0.5484350088763817,2023-01-08 16:25:00+00:00,-1.0,-1.0731348042203777,H1,ny
28029,28220,short,A,mss,3.0,-1.0,0.49025536978871476,2023-01-11 02:15:00+00:00,-1.0,-1.0817901313171516,H1,asia
29479,29688,short,A,mss,3.0,-1.0,1.590561356898346,2023-01-16 03:05:00+00:00,-1.0,-1.02534835396102,H1,asia
29697,29902,short,A,mss,3.0,-1.0,1.3948761900535656,2023-01-16 21:15:00+00:00,-1.0,-1.0288763802301795,H1,late
30560,30624,short,SBR,mss,3.0,-1.0,0.8309487973299652,2023-01-19 21:10:00+00:00,-1.0,-1.0483377434187635,H1,late
31580,31637,long,V,mss,3.0,-1.0,1.1434150195760888,2023-01-23 10:10:00+00:00,-1.0,-1.034782923361309,H1,london
32180,32209,long,V,mss,3.0,-1.0,1.112666535817354,2023-01-25 12:10:00+00:00,-1.0,-1.0357496746890265,H1,london
34214,34278,short,A,mss,3.0,-1.0,0.32590855007274144,2023-02-01 13:40:00+00:00,-1.0,-1.1229338159464433,H1,ny
35197,35357,short,A,mss,3.0,3.0,0.43949085346791544,2023-02-04 23:35:00+00:00,3.0,2.9095855916582343,H1,late
35447,35555,long,V,mss,3.0,-1.0,0.8341082377404573,2023-02-05 20:25:00+00:00,-1.0,-1.0477554069725499,H1,ny
35976,35999,long,V,mss,3.0,-1.0,0.5871733785609276,2023-02-07 16:30:00+00:00,-1.0,-1.0679229794477978,H1,ny
36761,36902,short,A,mss,3.0,3.0,0.5090018849480537,2023-02-10 09:55:00+00:00,3.0,2.922014829329989,H1,london
37891,37912,short,A,mss,3.0,-1.0,0.2940548883751108,2023-02-14 08:05:00+00:00,-1.0,-1.136229025808862,H1,london
38535,38558,short,A,mss,3.0,-1.0,0.9434875840635916,2023-02-16 13:45:00+00:00,-1.0,-1.0425958944194267,H1,ny
40991,41211,short,A,mss,3.0,3.0,0.4306044144229847,2023-02-25 02:25:00+00:00,3.0,2.9077073155308906,H1,asia
41877,42002,short,A,mss,3.0,-1.0,0.5328345436360467,2023-02-28 04:15:00+00:00,-1.0,-1.075270207961821,H1,asia
43132,43166,long,V,mss,3.0,-1.0,0.26800862104022366,2023-03-04 12:50:00+00:00,-1.0,-1.149048930294659,H1,london
43576,43743,short,A,mss,3.0,-1.0,0.7235613253765675,2023-03-06 01:50:00+00:00,-1.0,-1.0554821144485336,H1,asia
43812,44013,long,V,mss,3.0,-1.0,0.39592488925093333,2023-03-06 21:30:00+00:00,-1.0,-1.100829263595117,H1,late
49344,49401,short,A,mss,3.0,-1.0,0.5240015310033628,2023-03-26 03:50:00+00:00,-1.0,-1.076535654827969,H1,asia
49564,49749,long,V,mss,3.0,-1.0,1.1624075205408761,2023-03-26 22:10:00+00:00,-1.0,-1.0342113396490997,H1,late
50135,50216,short,SBR,mss,3.0,-1.0,1.3695932143092584,2023-03-28 21:45:00+00:00,-1.0,-1.0294057521766955,H1,late
50747,50826,long,V,mss,3.0,-1.0,1.3006176886573728,2023-03-31 00:45:00+00:00,-1.0,-1.0305546178626035,H1,asia
50949,51050,short,A,mss,3.0,-1.0,1.2450440145602495,2023-03-31 17:35:00+00:00,-1.0,-1.0323273782550797,H1,ny
51373,51513,short,A,mss,3.0,3.0,0.5270750568324069,2023-04-02 04:55:00+00:00,3.0,2.924709480269489,H1,asia
51777,52023,short,A,mss,3.0,-1.0,1.207778049988598,2023-04-03 14:35:00+00:00,-1.0,-1.0333186677886534,H1,ny
53071,53113,long,V,mss,3.0,3.0,0.2400811304103596,2023-04-08 02:25:00+00:00,3.0,2.832789654856965,H1,asia
54985,55273,long,V,mss,3.0,-0.09604779585942683,1.0457349598469043,2023-04-14 17:55:00+00:00,-0.09604779585942683,-0.13427919619270418,H1,ny
55586,55795,short,A,mss,3.0,3.0,1.0218861236201633,2023-04-16 20:00:00+00:00,3.0,2.9614566952075885,H1,ny
55918,55937,short,A,mss,3.0,3.0,0.3534363538718757,2023-04-17 23:40:00+00:00,3.0,2.8874254508575525,H1,late
55942,56061,long,V,mss,3.0,3.0,1.0369493716445013,2023-04-18 01:40:00+00:00,3.0,2.960825310537038,H1,asia
57539,57660,short,A,mss,3.0,-1.0,0.5543271372527203,2023-04-23 14:45:00+00:00,-1.0,-1.0723595558143564,H1,ny
58587,58698,short,A,mss,3.0,-1.0,0.8080752385801157,2023-04-27 06:05:00+00:00,-1.0,-1.0497003411690782,H1,asia
59630,59685,long,V,mss,3.0,-1.0,0.8305711664661649,2023-04-30 21:00:00+00:00,-1.0,-1.0479596299209233,H1,late
60125,60183,long,V,mss,3.0,3.0,0.8196614682834792,2023-05-02 14:15:00+00:00,3.0,2.950599365167467,H1,ny
61131,61286,short,A,mss,3.0,3.0,1.193532780216446,2023-05-06 02:05:00+00:00,3.0,2.967086048256885,H1,asia
61508,61530,long,V,mss,3.0,-1.0,0.4468780905165318,2023-05-07 09:30:00+00:00,-1.0,-1.0893098704744404,H1,london
62235,62263,short,A,mss,3.0,-1.0,0.7816905626865245,2023-05-09 22:05:00+00:00,-1.0,-1.0513711435565085,H1,late
63349,63591,short,A,mss,3.0,-1.0,0.9925670711219031,2023-05-13 18:55:00+00:00,-1.0,-1.0404995436417086,H1,ny
63714,64002,long,V,mss,3.0,0.002017876259578566,1.0460831762836411,2023-05-15 01:20:00+00:00,0.002017876259578566,-0.0362204044815271,H1,asia
64073,64111,long,V,mss,3.0,-1.0,0.8205280985050937,2023-05-16 07:15:00+00:00,-1.0,-1.048549092289314,H1,asia
65144,65284,short,A,mss,3.0,-1.0,0.251663286049366,2023-05-20 00:30:00+00:00,-1.0,-1.1591425324127478,H1,asia
67016,67028,short,A,mss,3.0,-1.0,0.4943135342642925,2023-05-26 12:30:00+00:00,-1.0,-1.0811203010383554,H1,london
67592,67654,short,A,mss,3.0,-1.0,0.8106921918955454,2023-05-28 12:30:00+00:00,-1.0,-1.049540551691355,H1,london
67701,67721,long,RBS,mss,3.0,3.0,0.6861270789455249,2023-05-28 21:35:00+00:00,3.0,2.9411017616306965,H1,late
68108,68130,short,A,mss,3.0,-1.0,0.2839232561379748,2023-05-30 07:30:00+00:00,-1.0,-1.1410831405503523,H1,asia
68966,69034,short,A,mss,3.0,-1.0,0.568353074973894,2023-06-02 07:00:00+00:00,-1.0,-1.0705787869922887,H1,asia
69355,69381,long,V,mss,3.0,-1.0,0.43230144960311795,2023-06-03 15:25:00+00:00,-1.0,-1.0923280265350086,H1,ny
71067,71238,short,A,mss,3.0,3.0,0.6870912219404146,2023-06-09 14:05:00+00:00,3.0,2.942383567126595,H1,ny
72060,72068,short,A,mss,3.0,-1.0,0.7705757817337499,2023-06-13 00:50:00+00:00,-1.0,-1.0521092358573771,H1,asia
72500,72554,short,A,mss,3.0,-1.0,0.4953677036461995,2023-06-14 13:30:00+00:00,-1.0,-1.0809480982421267,H1,ny
72966,73091,short,A,mss,3.0,3.0,0.28795910215658344,2023-06-16 04:20:00+00:00,3.0,2.86169138519869,H1,asia
73642,73734,long,V,mss,3.0,-1.0,0.43416735708367266,2023-06-18 12:40:00+00:00,-1.0,-1.0919303717273503,H1,london
74237,74255,short,A,mss,3.0,-1.0,0.8967697430039815,2023-06-20 14:15:00+00:00,-1.0,-1.0448045379118265,H1,ny
75107,75120,long,V,mss,3.0,3.0,1.1663761562640715,2023-06-23 14:45:00+00:00,3.0,2.9651057461392893,H1,ny
75292,75369,short,A,mss,3.0,-1.0,0.4047850000701019,2023-06-24 06:10:00+00:00,-1.0,-1.0990178909620483,H1,asia
75946,75995,long,V,mss,3.0,-1.0,0.8525685901429781,2023-06-26 12:40:00+00:00,-1.0,-1.0467170462792816,H1,london
76825,76988,short,A,mss,3.0,-1.0,0.9362282292893643,2023-06-29 13:55:00+00:00,-1.0,-1.042924624988462,H1,ny
78314,78602,short,A,mss,3.0,1.2362617472016808,0.8951266672477766,2023-07-04 18:00:00+00:00,1.2362617472016808,1.191822586484033,H1,ny
79349,79482,long,V,mss,3.0,-1.0,0.4412187264123648,2023-07-08 08:15:00+00:00,-1.0,-1.0904579834569756,H1,london
79860,80067,long,V,mss,3.0,3.0,0.8935595728998493,2023-07-10 02:50:00+00:00,3.0,2.9546352174235135,H1,asia
80420,80435,short,A,mss,3.0,-1.0,0.5119016393442657,2023-07-12 01:30:00+00:00,-1.0,-1.0783400115288537,H1,asia
81038,81198,short,A,mss,3.0,3.0,0.8425538696927226,2023-07-14 05:00:00+00:00,3.0,2.953125290739466,H1,asia
81952,82064,short,A,mss,3.0,3.0,0.3476983660701612,2023-07-17 09:10:00+00:00,3.0,2.8855577567703365,H1,london
82596,82774,short,A,mss,3.0,-1.0,1.0311837207633818,2023-07-19 14:50:00+00:00,-1.0,-1.0389903718751379,H1,ny
83059,83210,short,SBR,mss,3.0,-1.0,0.45845120493805713,2023-07-21 05:25:00+00:00,-1.0,-1.0874502887311737,H1,asia
83832,84120,short,A,mss,3.0,1.9560188632414874,1.3450997006326926,2023-07-23 21:50:00+00:00,1.9560188632414874,1.926672494415476,H1,late
84463,84658,long,V,mss,3.0,3.0,0.33645646542761665,2023-07-26 02:25:00+00:00,3.0,2.8805138910671184,H1,asia
86087,86113,long,V,mss,3.0,-1.0,0.40889484481413535,2023-07-31 17:45:00+00:00,-1.0,-1.0976246620306063,H1,ny
86313,86348,long,V,mss,3.0,-1.0,0.5602593293107154,2023-08-01 12:35:00+00:00,-1.0,-1.0711955090211738,H1,london
87194,87482,short,A,mss,3.0,0.7253983086396064,0.57407651582985,2023-08-04 14:00:00+00:00,0.7253983086396064,0.6558662653098487,H1,ny
88552,88621,long,V,mss,3.0,3.0,0.34080803900452394,2023-08-09 07:10:00+00:00,3.0,2.882031876534259,H1,asia
88635,88923,short,A,mss,3.0,0.5620647483382077,1.057345610998306,2023-08-09 14:05:00+00:00,0.5620647483382077,0.5243465791358073,H1,ny
89136,89210,short,A,mss,3.0,-1.0,0.2323947897732518,2023-08-11 07:50:00+00:00,-1.0,-1.172320898403222,H1,asia
89596,89669,long,V,mss,3.0,-1.0,0.11332948432196917,2023-08-12 22:10:00+00:00,-1.0,-1.3527531634182677,H1,late
89823,89886,long,V,mss,3.0,-1.0,0.18567534548415762,2023-08-13 17:05:00+00:00,-1.0,-1.2152297863062973,H1,ny
89937,90225,long,V,mss,3.0,0.4549834102155905,0.7347519445960614,2023-08-14 02:35:00+00:00,0.4549834102155905,0.40045227180382326,H1,asia
90491,90549,long,V,mss,3.0,-1.0,0.23876623718621187,2023-08-16 00:45:00+00:00,-1.0,-1.1673278735862656,H1,asia
94936,94942,long,V,mss,3.0,3.0,0.2150917720519788,2023-08-31 11:10:00+00:00,3.0,2.813432867838693,H1,london
94946,95032,short,A,mss,3.0,3.0,1.4753593521588222,2023-08-31 12:00:00+00:00,3.0,2.9734879611997784,H1,london
95255,95543,short,A,mss,3.0,0.3383698763048433,0.9497208385378174,2023-09-01 13:45:00+00:00,0.3383698763048433,0.29631991067815167,H1,ny
95672,95744,short,A,mss,3.0,-1.0,0.27309123625767473,2023-09-03 00:30:00+00:00,-1.0,-1.1466711960300993,H1,asia
95821,95916,short,A,mss,3.0,-1.0,0.7497936056681916,2023-09-03 12:55:00+00:00,-1.0,-1.0535480143036873,H1,london
98276,98294,short,A,mss,3.0,-1.0,0.3978797064917827,2023-09-12 01:30:00+00:00,-1.0,-1.1007328981281586,H1,asia
98598,98666,long,V,mss,3.0,3.0,0.3722087140306134,2023-09-13 04:20:00+00:00,3.0,2.8919334133990477,H1,asia
99257,99394,short,A,mss,3.0,-1.0,0.6205565627744425,2023-09-15 11:15:00+00:00,-1.0,-1.0646582660139219,H1,london
99458,99746,short,A,mss,3.0,0.3409835792229186,0.7217458605423668,2023-09-16 04:00:00+00:00,0.3409835792229186,0.2856306059857531,H1,asia
99885,100015,short,A,mss,3.0,-1.0,0.25189847040917784,2023-09-17 15:35:00+00:00,-1.0,-1.158994136125658,H1,ny
101307,101350,long,V,mss,3.0,-1.0,0.41748111587017284,2023-09-22 14:05:00+00:00,-1.0,-1.0956127169815246,H1,ny
101882,101927,short,A,mss,3.0,-1.0,0.18927219236067996,2023-09-24 14:00:00+00:00,-1.0,-1.2115358518285422,H1,ny
102801,103042,long,V,mss,3.0,3.0,0.6298357928937317,2023-09-27 18:35:00+00:00,3.0,2.9358913832282805,H1,ny
104102,104210,long,V,mss,3.0,-1.0,0.7749168483072738,2023-10-02 07:00:00+00:00,-1.0,-1.051418441497789,H1,asia
104472,104474,long,V,mss,3.0,-1.0,0.7149014365281011,2023-10-03 13:50:00+00:00,-1.0,-1.0557517689518976,H1,ny
104570,104588,short,A,mss,3.0,-1.0,0.33236560404917026,2023-10-03 22:00:00+00:00,-1.0,-1.1205493969071552,H1,late
105906,106150,long,RBS,mss,3.0,-1.0,0.7523268487512381,2023-10-08 13:20:00+00:00,-1.0,-1.052968380294276,H1,ny
106985,107273,short,A,mss,3.0,-0.6980531438141792,0.35591379278214524,2023-10-12 07:15:00+00:00,-0.6980531438141792,-0.8105795200339119,H1,asia
107365,107436,short,SBR,mss,3.0,-1.0,0.8040985398636399,2023-10-13 14:55:00+00:00,-1.0,-1.0499451469154306,H1,ny
107692,107923,short,A,mss,3.0,-1.0,0.3221965920648183,2023-10-14 18:10:00+00:00,-1.0,-1.1243478059828547,H1,ny
109230,109303,long,V,mss,3.0,3.0,0.8236609814622526,2023-10-20 02:20:00+00:00,3.0,2.9508363301160783,H1,asia
109864,110082,short,A,mss,3.0,-1.0,0.9168683066047776,2023-10-22 07:10:00+00:00,-1.0,-1.043826767019707,H1,asia
111310,111423,short,A,mss,3.0,3.0,0.5925063362515923,2023-10-27 07:40:00+00:00,3.0,2.933090173433327,H1,asia
111659,111947,short,A,mss,3.0,-0.7864585598760448,1.4490315092722497,2023-10-28 12:45:00+00:00,-0.7864585598760448,-0.8142204963069533,H1,london
112236,112524,short,A,mss,3.0,0.8190529991257871,0.9058500723589,2023-10-30 12:50:00+00:00,0.8190529991257871,0.7750593920462858,H1,london
112548,112817,long,V,mss,3.0,3.0,0.6319302927358017,2023-10-31 14:50:00+00:00,3.0,2.9361018792107134,H1,ny
113696,113705,long,V,mss,3.0,-1.0,0.3991361429093309,2023-11-04 14:30:00+00:00,-1.0,-1.1000164316877876,H1,ny
113960,113977,long,V,mss,3.0,-1.0,0.40760910922813637,2023-11-05 12:30:00+00:00,-1.0,-1.097933233763459,H1,london
114652,114926,short,A,mss,3.0,-1.0,1.6540906400537059,2023-11-07 22:10:00+00:00,-1.0,-1.0243824716441785,H1,late
115835,115998,short,A,mss,3.0,-1.0,1.134767357679514,2023-11-12 00:45:00+00:00,-1.0,-1.0354495158847326,H1,asia
116161,116449,short,A,mss,3.0,0.9109934740653959,1.385554151391287,2023-11-13 03:55:00+00:00,0.9109934740653959,0.8823063572160749,H1,asia
117963,118062,short,A,mss,3.0,-1.0,0.37877291561490256,2023-11-19 10:05:00+00:00,-1.0,-1.1058041716580072,H1,london
118334,118343,short,A,mss,3.0,-1.0,1.1493958534567703,2023-11-20 17:00:00+00:00,-1.0,-1.0350008911635633,H1,ny
118630,118918,short,A,mss,3.0,0.41030739546050343,1.8434872708877927,2023-11-21 17:40:00+00:00,0.41030739546050343,0.3886914497812729,H1,ny
121315,121418,long,V,mss,3.0,3.0,0.758583734603599,2023-12-01 01:25:00+00:00,3.0,2.946670158618808,H1,asia
122032,122144,long,V,mss,3.0,3.0,0.47359045641622993,2023-12-03 13:10:00+00:00,3.0,2.914938838551162,H1,ny
122873,123161,short,A,mss,3.0,0.37635562266027583,1.7107083536210304,2023-12-06 11:15:00+00:00,0.37635562266027583,0.35304876677564667,H1,london
124090,124142,short,A,mss,3.0,-1.0,0.42355535818051837,2023-12-10 16:40:00+00:00,-1.0,-1.094638658908317,H1,ny
125176,125203,long,V,mss,3.0,-1.0,0.7750221808881791,2023-12-14 11:10:00+00:00,-1.0,-1.051411426080941,H1,london
125227,125251,short,SBR,mss,3.0,-1.0,1.0898050269577237,2023-12-14 15:25:00+00:00,-1.0,-1.0369038130771548,H1,ny
128083,128188,long,V,mss,3.0,-1.0,0.7447315340379466,2023-12-24 13:25:00+00:00,-1.0,-1.0535106301691286,H1,ny
129133,129266,short,A,mss,3.0,3.0,0.7375558664635008,2023-12-28 04:55:00+00:00,3.0,2.9463668200894455,H1,asia
130245,130517,long,V,mss,3.0,3.0,1.5682820538270927,2024-01-01 01:35:00+00:00,3.0,2.9738943839009138,H1,asia
131897,131961,short,A,mss,3.0,-1.0,0.6780198645555032,2024-01-06 19:15:00+00:00,-1.0,-1.059195321658051,H1,ny
132092,132156,long,V,mss,3.0,-1.0,0.49021531936127044,2024-01-07 11:30:00+00:00,-1.0,-1.08139679720356,H1,london
132190,132236,long,V,mss,3.0,-1.0,1.1599626368738944,2024-01-07 19:40:00+00:00,-1.0,-1.034283869332033,H1,ny
132634,132684,short,A,mss,3.0,-1.0,0.5636195638202031,2024-01-09 08:40:00+00:00,-1.0,-1.0711698572719526,H1,london
133547,133590,short,A,mss,3.0,3.0,1.2726490062746862,2024-01-12 12:45:00+00:00,3.0,2.969169495750373,H1,london
134430,134479,short,A,mss,3.0,-1.0,0.8629817742200535,2024-01-15 14:20:00+00:00,-1.0,-1.0465509209521269,H1,ny
135033,135321,short,A,mss,3.0,0.25442311904835424,1.3481785226753105,2024-01-17 16:35:00+00:00,0.25442311904835424,0.22480434247579323,H1,ny
136445,136702,short,A,mss,3.0,3.0,1.5517439631174776,2024-01-22 14:15:00+00:00,3.0,2.974822551560865,H1,ny
138728,139016,short,A,mss,3.0,1.5082250647760154,1.1120108974224547,2024-01-30 12:30:00+00:00,1.5082250647760154,1.4725558392761757,H1,london
139915,140081,long,V,mss,3.0,-1.0,0.5534122013453977,2024-02-03 15:25:00+00:00,-1.0,-1.0720788545369189,H1,ny
141061,141089,short,A,mss,3.0,-1.0,0.7090516679603873,2024-02-07 14:55:00+00:00,-1.0,-1.0566133783297647,H1,ny
144271,144316,short,A,mss,3.0,-1.0,0.5301086780606079,2024-02-18 18:25:00+00:00,-1.0,-1.0756562255919657,H1,ny
144746,144789,long,V,mss,3.0,3.0,0.551843187731083,2024-02-20 10:00:00+00:00,3.0,2.9269156405129126,H1,london
145665,145953,short,A,mss,3.0,-0.4937466998155888,0.8887480762973043,2024-02-23 14:35:00+00:00,-0.4937466998155888,-0.538852578922457,H1,ny
148036,148228,short,A,mss,3.0,-1.0,0.6330038396269523,2024-03-02 20:10:00+00:00,-1.0,-1.0633907699384149,H1,ny
150693,150714,long,V,mss,3.0,-1.0,0.6222650103531253,2024-03-12 01:35:00+00:00,-1.0,-1.0640812938771869,H1,asia
150853,151048,short,A,mss,3.0,-1.0,1.8806618797912007,2024-03-12 14:55:00+00:00,-1.0,-1.021469107663543,H1,ny
155556,155610,long,V,mss,3.0,-1.0,0.4632047815287498,2024-03-28 22:50:00+00:00,-1.0,-1.0861548944118948,H1,late
156077,156215,short,A,mss,3.0,-1.0,0.5839595249464147,2024-03-30 18:15:00+00:00,-1.0,-1.0686978980412563,H1,ny
158042,158143,long,V,mss,3.0,3.0,0.42568320234090146,2024-04-06 14:00:00+00:00,3.0,2.90543340751988,H1,ny
158742,158831,short,A,mss,3.0,3.0,0.6631114532972521,2024-04-09 00:20:00+00:00,3.0,2.940278315310188,H1,asia
159060,159234,short,A,mss,3.0,-1.0,1.6176038952402993,2024-04-10 02:50:00+00:00,-1.0,-1.0249279325412715,H1,asia
164406,164476,long,V,mss,3.0,-1.0,0.415450778503269,2024-04-28 16:20:00+00:00,-1.0,-1.0960809605125947,H1,ny
168356,168626,long,V,mss,3.0,3.0,0.7893287491814064,2024-05-12 09:30:00+00:00,3.0,2.9487240300172988,H1,london
169402,169544,short,A,mss,3.0,-1.0,0.9579185381970717,2024-05-16 00:40:00+00:00,-1.0,-1.0419572041932557,H1,asia
170390,170678,short,A,mss,3.0,-0.051906181994031665,0.9246094871923534,2024-05-19 11:00:00+00:00,-0.051906181994031665,-0.09517807044410079,H1,london
170698,170731,short,A,mss,3.0,-1.0,0.7967375734344667,2024-05-20 12:40:00+00:00,-1.0,-1.0504047365829297,H1,london
172463,172740,short,A,mss,3.0,-1.0,0.949519917033132,2024-05-26 15:45:00+00:00,-1.0,-1.0423265518315654,H1,ny
173563,173851,long,V,mss,3.0,0.20567635236318063,1.4361288406779833,2024-05-30 11:25:00+00:00,0.20567635236318063,0.1777825628829949,H1,london
174021,174032,short,A,mss,3.0,-1.0,0.37947290418942353,2024-06-01 01:35:00+00:00,-1.0,-1.1056093706254004,H1,asia
174238,174323,long,V,mss,3.0,-1.0,0.16295786649797053,2024-06-01 19:40:00+00:00,-1.0,-1.245262221981767,H1,ny
175337,175625,long,V,mss,3.0,0.20685858240265945,1.2494630321800604,2024-06-05 15:15:00+00:00,0.20685858240265945,0.17480345840236136,H1,ny
175640,175874,short,A,mss,3.0,-1.0,1.1970901141464036,2024-06-06 16:30:00+00:00,-1.0,-1.0336143599778387,H1,ny
175894,175937,long,V,mss,3.0,-1.0,1.2902002931978978,2024-06-07 13:40:00+00:00,-1.0,-1.030802938234385,H1,ny
176069,176109,short,A,mss,3.0,-1.0,0.20015129682996952,2024-06-08 04:15:00+00:00,-1.0,-1.2000488175371673,H1,asia
176468,176527,short,A,mss,3.0,-1.0,0.6627516570399639,2024-06-09 13:30:00+00:00,-1.0,-1.0605544322750566,H1,ny
176734,176904,long,V,mss,3.0,-1.0,0.5350237262920601,2024-06-10 11:40:00+00:00,-1.0,-1.07456303953325,H1,london
177789,177813,short,A,mss,3.0,-1.0,0.5376478434053047,2024-06-14 03:35:00+00:00,-1.0,-1.0745981408846572,H1,asia
178377,178450,long,V,mss,3.0,3.0,0.22722253412148385,2024-06-16 04:35:00+00:00,3.0,2.82336112183744,H1,asia
179715,179764,long,V,mss,3.0,-1.0,0.5274893244783099,2024-06-20 20:05:00+00:00,-1.0,-1.0756309185490347,H1,ny
180137,180146,short,SBR,mss,3.0,-1.0,0.2992124625316444,2024-06-22 07:15:00+00:00,-1.0,-1.1338842712417758,H1,asia
180498,180584,short,A,mss,3.0,3.0,0.21768498371979297,2024-06-23 13:20:00+00:00,3.0,2.8168482348737083,H1,ny
181639,181927,long,RBS,mss,3.0,0.7174222172214223,0.6705771547361705,2024-06-27 12:25:00+00:00,0.7174222172214223,0.6576286243340996,H1,london
183096,183241,short,A,mss,3.0,3.0,0.6166706224363854,2024-07-02 13:50:00+00:00,3.0,2.9357355512251173,H1,ny
185116,185127,long,V,mss,3.0,-1.0,1.6292398681789377,2024-07-09 14:10:00+00:00,-1.0,-1.0243513265303956,H1,ny
187073,187243,long,V,mss,3.0,3.0,1.1590130794691864,2024-07-16 09:15:00+00:00,3.0,2.9648878786887205,H1,london
188285,188321,long,V,mss,3.0,3.0,0.5009981740096753,2024-07-20 14:15:00+00:00,3.0,2.9195593896443475,H1,ny
188573,188616,long,V,mss,3.0,-1.0,0.6671635097444336,2024-07-21 14:15:00+00:00,-1.0,-1.0597553174233443,H1,ny
189706,189729,short,A,mss,3.0,-1.0,0.7112009895242134,2024-07-25 12:40:00+00:00,-1.0,-1.0564428913755584,H1,london
190870,190904,short,A,mss,3.0,3.0,1.0713702729593053,2024-07-29 13:40:00+00:00,3.0,2.963264635178356,H1,ny
192033,192160,short,A,mss,3.0,3.0,1.9546072039063622,2024-08-02 14:35:00+00:00,3.0,2.9801355302487074,H1,ny
192239,192282,short,A,mss,3.0,-1.0,0.4555329677469924,2024-08-03 07:45:00+00:00,-1.0,-1.0880092318934342,H1,asia
192407,192609,long,V,mss,3.0,-1.0,1.4934830295372907,2024-08-03 21:45:00+00:00,-1.0,-1.0265830294746587,H1,late
195177,195229,long,V,mss,3.0,3.0,1.1731989126905746,2024-08-13 12:35:00+00:00,3.0,2.965305184903159,H1,london
196402,196473,short,A,mss,3.0,-1.0,0.6606366650061816,2024-08-17 18:40:00+00:00,-1.0,-1.0607476536783282,H1,ny
196871,196913,short,A,mss,3.0,-1.0,0.9636606236602568,2024-08-19 09:45:00+00:00,-1.0,-1.0417083889679633,H1,london
196920,196964,short,A,mss,3.0,-1.0,1.2667122335841912,2024-08-19 13:50:00+00:00,-1.0,-1.0317778113919522,H1,ny
197353,197556,long,V,mss,3.0,3.0,0.8600760877156175,2024-08-21 01:55:00+00:00,3.0,2.9528924868028352,H1,asia
198391,198453,long,V,mss,3.0,-1.0,0.6623230924788085,2024-08-24 16:25:00+00:00,-1.0,-1.0601934853762929,H1,ny
201067,201098,short,A,mss,3.0,-1.0,0.5899324696529796,2024-09-02 23:25:00+00:00,-1.0,-1.0680043709367777,H1,late
204361,204371,long,V,mss,3.0,-1.0,0.3722173656821442,2024-09-14 09:55:00+00:00,-1.0,-1.1072640886963832,H1,london
204701,204710,short,A,mss,3.0,-1.0,0.786516186889108,2024-09-15 14:15:00+00:00,-1.0,-1.0510571859890274,H1,ny
205491,205561,short,A,mss,3.0,3.0,0.5103356222705814,2024-09-18 08:05:00+00:00,3.0,2.9222202078506054,H1,london
208559,208847,long,V,mss,3.0,-0.30297364027652257,0.6126150543547945,2024-09-28 23:45:00+00:00,-0.30297364027652257,-0.3682069029482466,H1,late
210174,210200,short,A,mss,3.0,-1.0,1.5653027091393323,2024-10-04 14:20:00+00:00,-1.0,-1.025754162633497,H1,ny
211624,211660,long,V,mss,3.0,-1.0,0.8491180001419173,2024-10-09 15:10:00+00:00,-1.0,-1.046907704692769,H2,ny
213769,213802,long,V,mss,3.0,-1.0,0.7371366327323781,2024-10-17 01:55:00+00:00,-1.0,-1.0540640240951398,H2,asia
215019,215049,long,V,mss,3.0,-1.0,0.5296106239411216,2024-10-21 10:05:00+00:00,-1.0,-1.075327185807449,H2,london
215135,215191,long,V,mss,3.0,-1.0,1.0904680039444707,2024-10-21 19:45:00+00:00,-1.0,-1.0364814980864279,H2,ny
217365,217403,long,V,mss,3.0,3.0,0.648919555044981,2024-10-29 13:35:00+00:00,3.0,2.937759077501945,H2,ny
217588,217631,long,V,mss,3.0,-1.0,0.5700914869179344,2024-10-30 08:10:00+00:00,-1.0,-1.0699641770099928,H2,london
217922,217955,short,A,mss,3.0,3.0,0.6986981444816293,2024-10-31 12:00:00+00:00,3.0,2.9433506709214514,H2,london
218767,218806,long,V,mss,3.0,-1.0,0.5507555817565614,2024-11-03 10:25:00+00:00,-1.0,-1.0724274981588482,H2,london
218832,219120,long,V,mss,3.0,0.743026979316885,1.0707690117155935,2024-11-03 15:50:00+00:00,0.743026979316885,0.7055220444397344,H2,ny
219195,219395,long,V,mss,3.0,3.0,1.2040583115414307,2024-11-04 22:05:00+00:00,3.0,2.9661790175803096,H2,late
220605,220647,short,A,mss,3.0,-1.0,0.7003377840458226,2024-11-09 19:35:00+00:00,-1.0,-1.0573152962345136,H2,ny
222437,222450,short,A,mss,3.0,-1.0,0.7181483278974179,2024-11-16 04:15:00+00:00,-1.0,-1.055898799880397,H2,asia
224703,224823,long,V,mss,3.0,-1.0,0.8414544600344329,2024-11-24 01:05:00+00:00,-1.0,-1.047336737755675,H2,asia
226942,226967,short,A,mss,3.0,-1.0,0.5355462331680961,2024-12-01 19:40:00+00:00,-1.0,-1.0748900968070947,H2,ny
227010,227038,long,V,mss,3.0,-1.0,0.8647583705931235,2024-12-02 01:20:00+00:00,-1.0,-1.0460556956489067,H2,asia
228776,228887,short,A,mss,3.0,-1.0,0.6060041772733537,2024-12-08 04:30:00+00:00,-1.0,-1.0662061456671394,H2,asia
233426,233502,long,V,mss,3.0,3.0,0.7017683745005802,2024-12-24 08:00:00+00:00,3.0,2.9424011361961613,H2,london
233906,233960,long,V,mss,3.0,-1.0,1.4300611632072406,2024-12-26 00:00:00+00:00,-1.0,-1.027770831618342,H2,asia
234683,234944,long,V,mss,3.0,-1.0,0.5429054033756415,2024-12-28 16:45:00+00:00,-1.0,-1.0734776605119245,H2,ny
236087,236096,short,A,mss,3.0,-1.0,0.4451736330746238,2025-01-02 13:45:00+00:00,-1.0,-1.0900525811686939,H2,ny
236271,236392,short,A,mss,3.0,-1.0,0.709127400858633,2025-01-03 05:05:00+00:00,-1.0,-1.0566073535327598,H2,asia
236604,236738,short,A,mss,3.0,-1.0,0.420292378366233,2025-01-04 08:50:00+00:00,-1.0,-1.0953718424100114,H2,london
237251,237539,long,V,mss,3.0,0.002202701505704588,1.789026337847184,2025-01-06 14:45:00+00:00,0.002202701505704588,-0.020156269568101053,H2,ny
237835,238123,short,A,mss,3.0,0.9659337327957962,1.3725759100700892,2025-01-08 15:25:00+00:00,0.9659337327957962,0.936984633344168,H2,ny
238643,238721,long,V,mss,3.0,-1.0,0.5130691570389673,2025-01-11 10:45:00+00:00,-1.0,-1.0777621995421605,H2,london
239094,239171,long,V,mss,3.0,-1.0,0.9692906430522227,2025-01-13 00:20:00+00:00,-1.0,-1.0410672920003055,H2,asia
239455,239476,short,A,mss,3.0,-1.0,0.6967636286133293,2025-01-14 06:25:00+00:00,-1.0,-1.0576082778683589,H2,asia
239570,239672,short,A,mss,3.0,-1.0,1.6049096829540281,2025-01-14 16:00:00+00:00,-1.0,-1.025123520883976,H2,ny
240729,240846,short,A,mss,3.0,-1.0,1.3121172038131965,2025-01-18 16:35:00+00:00,-1.0,-1.0306850815794155,H2,ny
240936,241082,long,V,mss,3.0,-1.0,1.8311346861078357,2025-01-19 09:50:00+00:00,-1.0,-1.0216443789544623,H2,london
242106,242145,long,V,mss,3.0,3.0,0.8178080547572016,2025-01-23 11:20:00+00:00,3.0,2.950488767385795,H2,london
242936,243054,short,A,mss,3.0,-1.0,0.31350042844819753,2025-01-26 08:30:00+00:00,-1.0,-1.1277915321647145,H2,london
244654,244829,short,A,mss,3.0,3.0,0.4041326379642024,2025-02-01 07:40:00+00:00,3.0,2.901622594459339,H2,asia
245125,245142,long,V,mss,3.0,-1.0,1.9018320015233539,2025-02-02 22:55:00+00:00,-1.0,-1.020832351946944,H2,late
245440,245728,short,A,mss,3.0,1.2914480989946573,1.7482105593910509,2025-02-04 01:10:00+00:00,1.2914480989946573,1.2688258495483078,H2,asia
247054,247125,long,V,mss,3.0,-1.0,0.963844572183286,2025-02-09 15:40:00+00:00,-1.0,-1.0413004671441917,H2,ny
247174,247208,short,A,mss,3.0,-1.0,1.6796148267291828,2025-02-10 01:40:00+00:00,-1.0,-1.0240149838662085,H2,asia
248193,248202,short,A,mss,3.0,-1.0,0.8193175287469119,2025-02-13 14:35:00+00:00,-1.0,-1.0490211207456737,H2,ny
248966,249051,short,A,mss,3.0,3.0,0.26483693783197954,2025-02-16 07:00:00+00:00,3.0,2.8495636667473585,H2,asia
250212,250250,short,A,mss,3.0,-1.0,1.0340064074269237,2025-02-20 14:50:00+00:00,-1.0,-1.0388844798182035,H2,ny
251890,251915,long,V,mss,3.0,-1.0,1.1758671859509862,2025-02-26 10:40:00+00:00,-1.0,-1.0338174472745831,H2,london
257908,257978,long,RBS,mss,3.0,3.0,0.4006341829045865,2025-03-19 08:10:00+00:00,3.0,2.8995582947565754,H2,london
259222,259226,short,A,mss,3.0,-1.0,0.3954203450393724,2025-03-23 21:40:00+00:00,-1.0,-1.1013581738314886,H2,late
260392,260492,short,A,mss,3.0,3.0,0.6374648357076811,2025-03-27 23:10:00+00:00,3.0,2.9378514407706993,H2,late
261274,261420,short,A,mss,3.0,-1.0,1.73637576293754,2025-03-31 00:40:00+00:00,-1.0,-1.0232364883303424,H2,asia
261835,261852,long,V,mss,3.0,-1.0,0.4582693854154689,2025-04-01 23:25:00+00:00,-1.0,-1.0870849055010205,H2,late
265757,266045,short,A,mss,3.0,0.7713528276990326,1.6264935069206485,2025-04-15 14:15:00+00:00,0.7713528276990326,0.7469143164121997,H2,ny
266717,266764,short,A,mss,3.0,-1.0,0.29135734901846916,2025-04-18 22:15:00+00:00,-1.0,-1.1374884539715675,H2,late
268053,268341,short,A,mss,3.0,0.5140209385032217,1.2604548879089508,2025-04-23 13:35:00+00:00,0.5140209385032217,0.4823891678293353,H2,ny
269058,269346,short,A,mss,3.0,2.451249507340088,0.7282313490875524,2025-04-27 01:20:00+00:00,2.451249507340088,2.396812157585048,H2,asia
269454,269456,short,A,mss,3.0,-1.0,0.534539233398318,2025-04-28 10:20:00+00:00,-1.0,-1.0750308028686708,H2,london
269633,269639,short,A,mss,3.0,-1.0,0.5661016154075618,2025-04-29 01:15:00+00:00,-1.0,-1.0708586925585828,H2,asia
270275,270301,short,A,mss,3.0,-1.0,0.38969523088227886,2025-05-01 06:45:00+00:00,-1.0,-1.1028443149161438,H2,asia
271001,271052,long,V,mss,3.0,-1.0,0.4065944887576113,2025-05-03 19:15:00+00:00,-1.0,-1.0981781165411855,H2,ny
271495,271509,long,V,mss,3.0,-1.0,0.4819436365006873,2025-05-05 12:25:00+00:00,-1.0,-1.0827972572943039,H2,london
272118,272221,short,A,mss,3.0,-1.0,0.950996387424634,2025-05-07 16:20:00+00:00,-1.0,-1.042261148211428,H2,ny
272627,272701,long,V,mss,3.0,-1.0,0.9244497585481126,2025-05-09 10:45:00+00:00,-1.0,-1.04306898204054,H2,london
273264,273299,short,A,mss,3.0,-1.0,0.7450716733604792,2025-05-11 15:50:00+00:00,-1.0,-1.0538861102497548,H2,ny
273343,273368,short,A,mss,3.0,-1.0,0.6226372925502724,2025-05-11 22:25:00+00:00,-1.0,-1.0644428593317359,H2,late
274694,274807,long,V,mss,3.0,-1.0,0.6788695399400502,2025-05-16 15:00:00+00:00,-1.0,-1.058721482916338,H2,ny
275168,275184,short,A,mss,3.0,-1.0,0.3153101534342218,2025-05-18 06:30:00+00:00,-1.0,-1.1270592196107143,H2,asia
275359,275427,long,V,mss,3.0,-1.0,1.7008903715849943,2025-05-18 22:25:00+00:00,-1.0,-1.023317094733581,H2,late
276631,276670,long,V,mss,3.0,-1.0,0.45953351721230085,2025-05-23 08:25:00+00:00,-1.0,-1.0868447932561147,H2,london
277874,277950,long,V,mss,3.0,-1.0,1.5232012318781971,2025-05-27 16:00:00+00:00,-1.0,-1.0260604829636841,H2,ny
278134,278210,short,A,mss,3.0,3.0,0.5154645423193492,2025-05-28 13:40:00+00:00,3.0,2.92300009405881,H2,ny
279725,279876,short,A,mss,3.0,-1.0,0.40684447346811675,2025-06-03 02:15:00+00:00,-1.0,-1.0985176683193527,H2,asia
280440,280728,short,A,mss,3.0,0.2071608410886151,1.3542702740560808,2025-06-05 13:50:00+00:00,0.2071608410886151,0.177666071535297,H2,ny
280956,281000,short,A,mss,3.0,-1.0,0.5756055491967863,2025-06-07 08:50:00+00:00,-1.0,-1.0696920333131203,H2,london
283232,283494,short,A,mss,3.0,-1.0,0.6862286812032681,2025-06-15 06:30:00+00:00,-1.0,-1.0584896067967633,H2,asia
283958,284246,long,V,mss,3.0,-0.5845884122525475,1.3393406549766638,2025-06-17 19:00:00+00:00,-0.5845884122525475,-0.6143369360851961,H2,ny
284467,284469,long,V,mss,3.0,-1.0,0.21613360099212195,2025-06-19 13:25:00+00:00,-1.0,-1.184870714670867,H2,ny
286288,286357,short,A,mss,3.0,-1.0,0.4168324452558897,2025-06-25 21:10:00+00:00,-1.0,-1.0961618198037448,H2,late
287663,287849,long,V,mss,3.0,-1.0,0.9275341376334213,2025-06-30 15:45:00+00:00,-1.0,-1.0429250973706035,H2,ny
287851,287874,long,V,mss,3.0,-1.0,0.2887311852177387,2025-07-01 07:25:00+00:00,-1.0,-1.1383371655293664,H2,asia
287938,288146,short,A,mss,3.0,-1.0,1.095748280593558,2025-07-01 14:40:00+00:00,-1.0,-1.0367047344435096,H2,ny
288737,288788,long,V,mss,3.0,-1.0,0.4125633714131603,2025-07-04 09:15:00+00:00,-1.0,-1.096754802029534,H2,london
289458,289648,long,RBS,mss,3.0,-1.0,0.7008624919295744,2025-07-06 21:20:00+00:00,-1.0,-1.0568725362829365,H2,late
289658,289665,long,RBS,mss,3.0,-1.0,0.5707034215753952,2025-07-07 14:00:00+00:00,-1.0,-1.0698889437276935,H2,ny
291866,291951,short,SBR,mss,3.0,-1.0,0.7273341644260234,2025-07-15 06:00:00+00:00,-1.0,-1.0551953542077404,H2,asia
293045,293074,short,A,mss,3.0,-1.0,0.2460234926288819,2025-07-19 08:15:00+00:00,-1.0,-1.162786099289057,H2,london
293109,293116,long,V,mss,3.0,-1.0,0.20417104465014874,2025-07-19 13:35:00+00:00,-1.0,-1.1957141663233433,H2,ny
293182,293200,long,V,mss,3.0,-1.0,0.45761985481317313,2025-07-19 19:40:00+00:00,-1.0,-1.0872087948310947,H2,ny
293375,293378,long,V,mss,3.0,-1.0,0.22211351758203504,2025-07-20 11:45:00+00:00,-1.0,-1.1798880938514986,H2,london
293830,294118,long,V,mss,3.0,1.23230114426064,1.3111944033423324,2025-07-22 01:40:00+00:00,1.23230114426064,1.2015481474739464,H2,asia
294293,294385,short,A,mss,3.0,-1.0,0.7741919573301023,2025-07-23 16:15:00+00:00,-1.0,-1.0518667728478412,H2,ny
296027,296315,long,V,mss,3.0,0.08309510776469463,0.6863778180016673,2025-07-29 16:45:00+00:00,0.08309510776469463,0.024801547165314027,H2,ny
296854,297142,short,A,mss,3.0,1.54534230581725,0.91967975651783,2025-08-01 13:40:00+00:00,1.54534230581725,1.5021579737588113,H2,ny
297368,297392,short,A,mss,3.0,-1.0,0.14850587347381625,2025-08-03 08:30:00+00:00,-1.0,-1.2695496160409614,H2,london
297944,297993,long,V,mss,3.0,-1.0,0.6998210058486906,2025-08-05 08:30:00+00:00,-1.0,-1.056957472647582,H2,london
299387,299594,long,RBS,mss,3.0,3.0,0.6948765649648183,2025-08-10 08:45:00+00:00,3.0,2.9418358195156213,H2,london
301002,301025,short,A,mss,3.0,-1.0,0.6197184674285435,2025-08-15 23:20:00+00:00,-1.0,-1.064745438134151,H2,late
301911,302199,short,A,mss,3.0,1.6984145029600763,1.0678349870216595,2025-08-19 03:05:00+00:00,1.6984145029600763,1.6612952146842643,H2,asia
302307,302327,long,V,mss,3.0,-1.0,0.7323192967644042,2025-08-20 12:05:00+00:00,-1.0,-1.0544209831923472,H2,london
302891,302909,long,RBS,mss,3.0,3.0,0.8933751685578856,2025-08-22 12:45:00+00:00,3.0,2.9546259773857724,H2,london
305289,305336,short,A,mss,3.0,-1.0,0.2606993318026317,2025-08-30 20:35:00+00:00,-1.0,-1.1536334580891174,H2,ny
305415,305449,long,V,mss,3.0,-1.0,0.2740852255593051,2025-08-31 07:05:00+00:00,-1.0,-1.1457400079605715,H2,asia
306210,306345,short,A,mss,3.0,-1.0,0.7870592916509708,2025-09-03 01:20:00+00:00,-1.0,-1.0510220923433788,H2,asia
306920,306941,long,RBS,mss,3.0,-1.0,0.7763193104753658,2025-09-05 12:30:00+00:00,-1.0,-1.0513251900348926,H2,london
307236,307254,short,A,mss,3.0,3.0,0.21628879925172573,2025-09-06 14:50:00+00:00,3.0,2.815662083018703,H2,ny
307588,307597,short,A,mss,3.0,-1.0,0.18237966790925558,2025-09-07 20:10:00+00:00,-1.0,-1.219522693469879,H2,ny
307894,307926,long,V,mss,3.0,-1.0,0.33779929428937544,2025-09-08 21:40:00+00:00,-1.0,-1.1182135096674715,H2,late
308419,308513,short,A,mss,3.0,-1.0,0.5421695403527013,2025-09-10 17:25:00+00:00,-1.0,-1.0739776599806372,H2,ny
308624,308648,long,V,mss,3.0,-1.0,0.2759277164435043,2025-09-11 10:30:00+00:00,-1.0,-1.1447655022538845,H2,london
308809,309008,short,A,mss,3.0,-1.0,0.8474686500263605,2025-09-12 01:55:00+00:00,-1.0,-1.0473993860761173,H2,asia
310267,310297,short,A,mss,3.0,-1.0,0.5011001700957669,2025-09-17 03:25:00+00:00,-1.0,-1.08002435925407,H2,asia
311416,311492,long,V,mss,3.0,-1.0,0.25687752055701185,2025-09-21 03:10:00+00:00,-1.0,-1.15551623360917,H2,asia
312128,312416,short,A,mss,3.0,-0.7513960352708835,0.5619170715226327,2025-09-23 14:30:00+00:00,-0.7513960352708835,-0.8227311957124792,H2,ny
312934,312984,short,A,mss,3.0,-1.0,0.2717329119430802,2025-09-26 09:40:00+00:00,-1.0,-1.1474033686091687,H2,london
313232,313520,long,V,mss,3.0,0.1633274438470835,0.2904008653241868,2025-09-27 10:30:00+00:00,0.1633274438470835,0.02555414196128991,H2,london
314464,314537,short,A,mss,3.0,-1.0,0.7868391456822487,2025-10-01 17:10:00+00:00,-1.0,-1.0510363116140047,H2,ny
315788,315835,short,A,mss,3.0,-1.0,0.4451659305375109,2025-10-06 07:30:00+00:00,-1.0,-1.0900541358537983,H2,asia
316091,316151,long,V,mss,3.0,-1.0,0.4668876769301131,2025-10-07 08:45:00+00:00,-1.0,-1.0854737112082473,H2,london
316442,316594,long,RBS,mss,3.0,-1.0,1.1830938844434207,2025-10-08 14:00:00+00:00,-1.0,-1.0336096583254826,H2,ny
316945,317006,short,A,mss,3.0,-1.0,0.7000963499750378,2025-10-10 07:55:00+00:00,-1.0,-1.0573349929212261,H2,asia
318330,318618,short,A,mss,3.0,0.3541609486290035,1.2728207664271518,2025-10-15 03:20:00+00:00,0.3541609486290035,0.32280551794254975,H2,asia
319541,319543,long,V,mss,3.0,-1.0,0.5699701954333942,2025-10-19 08:15:00+00:00,-1.0,-1.0699791081717611,H2,london
321482,321570,short,A,mss,3.0,-1.0,0.38257179243016437,2025-10-26 02:00:00+00:00,-1.0,-1.1047555390948007,H2,asia
322210,322498,short,A,mss,3.0,1.6645091373835463,1.163847068088848,2025-10-28 14:40:00+00:00,1.6645091373835463,1.630473262507668,H2,ny
325202,325490,short,A,mss,3.0,0.8453972127380149,0.936508394088821,2025-11-08 00:00:00+00:00,0.8453972127380149,0.8028544486429313,H2,asia
325492,325651,short,A,mss,3.0,-1.0,0.4423722786345094,2025-11-09 00:10:00+00:00,-1.0,-1.090621579135722,H2,asia
326513,326542,short,A,mss,3.0,3.0,0.6340556516057743,2025-11-12 13:15:00+00:00,3.0,2.937514054943445,H2,ny
326685,326837,long,V,mss,3.0,-1.0,1.470577704788949,2025-11-13 03:35:00+00:00,-1.0,-1.0270001947736183,H2,asia
327019,327070,long,V,mss,3.0,-1.0,1.8267450384485868,2025-11-14 07:25:00+00:00,-1.0,-1.0216968707499383,H2,asia
329227,329284,long,V,mss,3.0,-1.0,1.091433107502378,2025-11-21 23:25:00+00:00,-1.0,-1.036449062342937,H2,late
332411,332463,long,V,mss,3.0,3.0,0.7110705895013473,2025-12-03 00:45:00+00:00,3.0,2.943146794494692,H2,asia
333641,333726,short,A,mss,3.0,3.0,0.4014846298979852,2025-12-07 07:15:00+00:00,3.0,2.900969784989867,H2,asia
334177,334185,long,V,mss,3.0,-1.0,0.6936885112893627,2025-12-09 03:55:00+00:00,-1.0,-1.057462768445814,H2,asia
336034,336041,short,A,mss,3.0,3.0,0.7087303825590667,2025-12-15 14:40:00+00:00,3.0,2.944161048059533,H2,ny
339559,339572,short,A,mss,3.0,-1.0,0.1246195110584171,2025-12-27 20:25:00+00:00,-1.0,-1.3211770256701574,H2,ny
340064,340352,long,V,mss,3.0,0.005435281203630975,1.3468200089594768,2025-12-29 14:30:00+00:00,0.005435281203630975,-0.02426539431573565,H2,ny
340570,340588,short,A,mss,3.0,-1.0,0.374413697259969,2025-12-31 08:40:00+00:00,-1.0,-1.1070336983735576,H2,london
342027,342121,long,V,mss,3.0,3.0,0.5240915139888842,2026-01-05 10:05:00+00:00,3.0,2.923077451490183,H2,london
342900,342939,long,V,mss,3.0,-1.0,0.7087449668141527,2026-01-08 10:50:00+00:00,-1.0,-1.0562377905635114,H2,london
343010,343036,short,A,mss,3.0,-1.0,0.8539423273443817,2026-01-08 20:00:00+00:00,-1.0,-1.0470415708170753,H2,ny
343083,343153,long,V,mss,3.0,-1.0,0.5801000899500527,2026-01-09 02:05:00+00:00,-1.0,-1.0687536179927917,H2,asia
343327,343615,long,V,mss,3.0,-0.22670114667210753,0.5603234554242551,2026-01-09 22:25:00+00:00,-0.22670114667210753,-0.2980431446182089,H2,late
343618,343832,long,V,mss,3.0,3.0,0.22898013717561275,2026-01-10 22:40:00+00:00,3.0,2.8247123589959133,H2,late
343913,344094,long,V,mss,3.0,-1.0,0.8994574610989629,2026-01-11 23:15:00+00:00,-1.0,-1.044271252649489,H2,late
344378,344385,short,A,mss,3.0,-1.0,0.7791100945969689,2026-01-13 14:00:00+00:00,-1.0,-1.0515406260262767,H2,ny
344556,344673,short,A,mss,3.0,-1.0,0.5735368979498155,2026-01-14 04:50:00+00:00,-1.0,-1.069942679403863,H2,asia
344960,345248,short,A,mss,3.0,1.467772145549584,0.6560707551302941,2026-01-15 14:30:00+00:00,1.467772145549584,1.4070966662468731,H2,ny
346193,346284,short,A,mss,3.0,3.0,0.3254507067998513,2026-01-19 21:15:00+00:00,3.0,2.877693522415978,H2,late
346964,346987,short,A,mss,3.0,3.0,0.42574937482633984,2026-01-22 13:30:00+00:00,3.0,2.90664801236334,H2,ny
347641,347665,long,V,mss,3.0,-1.0,0.15042968963696826,2026-01-24 21:55:00+00:00,-1.0,-1.2657049559733318,H2,late
348069,348130,short,SBR,mss,3.0,-1.0,0.8769201140004906,2026-01-26 09:35:00+00:00,-1.0,-1.0458141892076358,H2,london
348300,348486,short,A,mss,3.0,-1.0,0.545840853564113,2026-01-27 04:50:00+00:00,-1.0,-1.0734814331115319,H2,asia
348742,348782,long,V,mss,3.0,-1.0,1.0804317694380692,2026-01-28 17:40:00+00:00,-1.0,-1.0368222360462465,H2,ny
350368,350470,short,A,mss,3.0,3.0,1.1758729227636406,2026-02-03 09:10:00+00:00,3.0,2.9665827186886924,H2,london
350918,350970,long,RBS,mss,3.0,-1.0,1.9736234771350532,2026-02-05 07:00:00+00:00,-1.0,-1.0200672903233117,H2,asia
351938,351975,short,A,mss,3.0,-1.0,0.6935418936770446,2026-02-08 20:00:00+00:00,-1.0,-1.057874958592518,H2,ny
355219,355310,long,RBS,mss,3.0,-1.0,0.45304128007424455,2026-02-20 05:25:00+00:00,-1.0,-1.0880921750385413,H2,asia
355478,355553,short,A,mss,3.0,-1.0,0.4675631499537343,2026-02-21 03:00:00+00:00,-1.0,-1.0857499412303087,H2,asia
357022,357309,short,A,mss,3.0,3.0,0.9571228790949148,2026-02-26 11:40:00+00:00,3.0,2.9588080829184387,H2,london
358178,358185,long,V,mss,3.0,-1.0,0.5920166445250773,2026-03-02 12:00:00+00:00,-1.0,-1.0673656679080172,H2,london
363684,363792,short,A,mss,3.0,3.0,0.5964766883060996,2026-03-21 14:50:00+00:00,3.0,2.933539541839273,H2,ny
365112,365127,long,V,mss,3.0,-1.0,0.8795704325648613,2026-03-26 13:50:00+00:00,-1.0,-1.0452767446915632,H2,ny
366054,366082,long,V,mss,3.0,-1.0,0.8640265569489596,2026-03-29 20:20:00+00:00,-1.0,-1.0460948733210789,H2,ny
366393,366499,long,V,mss,3.0,-1.0,0.7717882952365729,2026-03-31 00:35:00+00:00,-1.0,-1.051627684154939,H2,asia
366882,366994,short,A,mss,3.0,3.0,0.8925075138267657,2026-04-01 17:20:00+00:00,3.0,2.955782450141519,H2,ny
367596,367670,long,V,mss,3.0,3.0,0.157646750753757,2026-04-04 04:50:00+00:00,3.0,2.745668160880273,H2,asia
369112,369162,short,A,mss,3.0,-1.0,0.555433978313863,2026-04-09 11:10:00+00:00,-1.0,-1.0722157598593958,H2,london
369710,369754,short,A,mss,3.0,-1.0,0.2548452276180566,2026-04-11 13:00:00+00:00,-1.0,-1.157158010843935,H2,ny
370281,370284,short,A,mss,3.0,-1.0,0.3848034086705676,2026-04-13 12:35:00+00:00,-1.0,-1.104149183137939,H2,london
370925,371160,long,V,mss,3.0,-1.0,1.0022034054770963,2026-04-15 18:15:00+00:00,-1.0,-1.0397120575537837,H2,ny
374026,374046,short,A,mss,3.0,-1.0,0.27661321103272507,2026-04-26 12:40:00+00:00,-1.0,-1.144806253080471,H2,london
374136,374226,long,V,mss,3.0,-1.0,0.8999669191953685,2026-04-26 21:50:00+00:00,-1.0,-1.0442460781244745,H2,late
374333,374342,long,V,mss,3.0,-1.0,0.43837506752440836,2026-04-27 14:15:00+00:00,-1.0,-1.0910460652150862,H2,ny
374754,374759,short,A,mss,3.0,-1.0,0.4248846238739766,2026-04-29 01:20:00+00:00,-1.0,-1.0943432044193349,H2,asia
375149,375174,short,A,mss,3.0,-1.0,0.4442270198650357,2026-04-30 10:15:00+00:00,-1.0,-1.090244050026837,H2,london
375818,375861,short,A,mss,3.0,-1.0,0.3413871540025655,2026-05-02 18:00:00+00:00,-1.0,-1.1173690250527102,H2,ny
376448,376490,short,A,mss,3.0,-1.0,0.3269563092060576,2026-05-04 22:30:00+00:00,-1.0,-1.1225405050574842,H2,late
377188,377207,long,V,mss,3.0,-1.0,0.6459108838074781,2026-05-07 12:10:00+00:00,-1.0,-1.0617280476653534,H2,london
378038,378155,long,V,mss,3.0,-1.0,0.3207388201192426,2026-05-10 11:00:00+00:00,-1.0,-1.1245120631831502,H2,london
378175,378463,long,V,mss,3.0,0.18249253093933396,1.5213981719359746,2026-05-10 22:25:00+00:00,0.18249253093933396,0.1561644272913441,H2,late
380666,380669,long,V,mss,3.0,-1.0,0.5445574733191566,2026-05-19 14:00:00+00:00,-1.0,-1.0732541383780747,H2,ny
381199,381487,short,A,mss,3.0,0.04332364178100034,1.075606752361293,2026-05-21 10:25:00+00:00,0.04332364178100034,0.006143994040893969,H2,london
381543,381546,long,V,mss,3.0,-1.0,0.2881488823160608,2026-05-22 15:05:00+00:00,-1.0,-1.1386171270299266,H2,ny
382274,382299,short,A,mss,3.0,-1.0,0.6225143963927828,2026-05-25 04:00:00+00:00,-1.0,-1.0644555420915303,H2,asia
382420,382687,short,A,mss,3.0,-1.0,0.5277777005137739,2026-05-25 16:10:00+00:00,-1.0,-1.0759894847794087,H2,ny
382689,382977,short,A,mss,3.0,1.5895410147511295,1.5106780670034088,2026-05-26 14:35:00+00:00,1.5895410147511295,1.5633807467802876,H2,ny
384237,384406,short,A,mss,3.0,3.0,0.8847497349174935,2026-05-31 23:35:00+00:00,3.0,2.955389475010433,H2,late
384771,384804,long,RBS,mss,3.0,-1.0,1.5164804434068282,2026-06-02 20:05:00+00:00,-1.0,-1.0261768650455778,H2,ny
389037,389082,long,V,mss,3.0,-1.0,1.093903773305675,2026-06-17 15:35:00+00:00,-1.0,-1.0363662876169846,H2,ny
389229,389316,long,V,mss,3.0,-1.0,1.195347469513142,2026-06-18 07:35:00+00:00,-1.0,-1.0332630733072885,H2,asia
391023,391079,short,A,mss,3.0,3.0,1.6222453877197736,2026-06-24 13:05:00+00:00,3.0,2.975942817860482,H2,ny
394289,394304,long,V,mss,3.0,3.0,0.481783691857494,2026-07-05 21:15:00+00:00,3.0,2.9163751889156275,H2,late
396351,396639,short,SBR,mss,3.0,1.6625681083947936,1.1392905137837495,2026-07-13 01:05:00+00:00,1.6625681083947936,1.6277910520551164,H2,asia
397936,397980,short,A,mss,3.0,-1.0,0.42895350831725,2026-07-18 13:10:00+00:00,-1.0,-1.0934501989712517,H2,ny
398103,398356,short,A,mss,3.0,-1.0,0.3923342597985654,2026-07-19 03:05:00+00:00,-1.0,-1.102153879889401,H2,asia
398923,398968,long,V,mss,3.0,-1.0,0.31210402604055454,2026-07-21 23:25:00+00:00,-1.0,-1.1279623967093666,H2,late
399216,399237,long,V,mss,3.0,-1.0,0.35247471428838545,2026-07-22 23:50:00+00:00,-1.0,-1.113283317748782,H2,late
399357,399383,short,A,mss,3.0,3.0,0.33502580752580563,2026-07-23 11:35:00+00:00,3.0,2.8812062127111835,H2,london
399598,399672,short,A,mss,3.0,3.0,0.6923011418221463,2026-07-24 07:40:00+00:00,3.0,2.942821675534552,H2,asia
400221,400227,short,A,mss,3.0,-1.0,0.14181640550503946,2026-07-26 11:35:00+00:00,-1.0,-1.2822548148682178,H2,london
400928,400947,short,A,mss,3.0,-1.0,0.33280550913570534,2026-07-28 22:30:00+00:00,-1.0,-1.120390318074601,H2,late
401122,401376,short,A,mss,3.0,-1.0,0.9856846685935583,2026-07-29 14:40:00+00:00,-1.0,-1.0407809294539143,H2,ny
403143,403431,long,V,mss,3.0,0.2833507654273969,1.2681358313925954,2026-08-05 15:05:00+00:00,0.2833507654273969,0.25175173284766644,H2,ny
404749,404802,short,A,mss,3.0,-1.0,0.2582257673782636,2026-08-11 04:55:00+00:00,-1.0,-1.1551032089481827,H2,asia
405131,405419,short,A,mss,3.0,0.681379204834471,0.8171746862282734,2026-08-12 12:45:00+00:00,0.681379204834471,0.632566338375616,H2,london
410219,410241,short,A,mss,3.0,-1.0,0.30682831775774916,2026-08-30 04:45:00+00:00,-1.0,-1.1305660636420831,H2,asia
410934,411222,short,SBR,mss,3.0,-0.04608187244829811,1.2036428296982586,2026-09-01 16:20:00+00:00,-0.04608187244829811,-0.07932353869334248,H2,ny
411582,411870,short,A,mss,3.0,1.5648545309861557,1.2676967743522949,2026-09-03 22:20:00+00:00,1.5648545309861557,1.5336142150107663,H2,late
412210,412222,short,A,mss,3.0,-1.0,0.2571588690509993,2026-09-06 02:40:00+00:00,-1.0,-1.1557458699426277,H2,asia
412525,412554,long,V,mss,3.0,-1.0,0.2502735387085474,2026-09-07 04:55:00+00:00,-1.0,-1.1596251265651438,H2,asia
412733,412770,short,SBR,mss,3.0,-1.0,0.465127657720402,2026-09-07 22:15:00+00:00,-1.0,-1.0861978961389667,H2,late
413768,414056,long,V,mss,3.0,0.1627274782635485,1.4472582092318593,2026-09-11 12:30:00+00:00,0.1627274782635485,0.13505646456308923,H2,london
414644,414832,long,V,mss,3.0,-1.0,0.9259899998107322,2026-09-14 13:30:00+00:00,-1.0,-1.0429970107756843,H2,ny
414980,414995,long,V,mss,3.0,-1.0,1.73689129813067,2026-09-15 17:30:00+00:00,-1.0,-1.0228296507576784,H2,ny
415174,415274,long,V,mss,3.0,-1.0,0.769346175615306,2026-09-16 09:40:00+00:00,-1.0,-1.0517921996986712,H2,london
415280,415363,short,A,mss,3.0,-1.0,1.2777042084380286,2026-09-16 18:30:00+00:00,-1.0,-1.0315061503091543,H2,ny
416520,416598,short,A,mss,3.0,-1.0,1.4597898015368835,2026-09-21 01:50:00+00:00,-1.0,-1.027601205267969,H2,asia
417539,417783,short,A,mss,3.0,-1.0,1.3682156642131842,2026-09-24 14:45:00+00:00,-1.0,-1.0294351571804308,H2,ny
418124,418187,long,V,mss,3.0,-1.0,0.36306541235507667,2026-09-26 15:30:00+00:00,-1.0,-1.1099729843681174,H2,ny
418190,418347,long,V,mss,3.0,3.0,0.344055958688691,2026-09-26 21:00:00+00:00,3.0,2.8831398423429344,H2,late
418521,418809,short,A,mss,3.0,0.8791243068303903,0.936346559205133,2026-09-28 00:35:00+00:00,0.8791243068303903,0.8365809059875939,H2,asia
